USE `station`;

INSERT INTO `users` (`id`, `login`, `password`, `surname`, `name`, `patronymic`, `role`, `isActive`) VALUES
(14, 'vasya', '321', 'Васильев', 'Василий', 'Васильевич', 'ADMINISTRATOR', b'1'),
(15, 'senya', '123', 'Борисов', 'Семен', 'Семонович', 'SUBSCRIBER', b'1'),
(16, 'gena', '123', 'Петров', 'Петр', 'Петрович', 'SUBSCRIBER', b'1'),
(20, 'oleg', '123', 'Олегов', 'Олег', 'Олегович', 'SUBSCRIBER', b'1'),
(22, 'oleg123', '123', 'Олегов', 'Олег', 'Олегович', 'SUBSCRIBER', b'0'),
(23, 'vasiya90', '123', 'Васильев', 'Василий', 'Васильевич', 'SUBSCRIBER', b'0'),
(24, 'vasiya91', '123', 'Васильев', 'Василий', 'Васильевич', 'SUBSCRIBER', b'1'),
(25, 'vasiya92', '123', 'Васильев', 'Василий', 'Васильевич', 'SUBSCRIBER', b'1'),
(26, 'vasiya93', '123', 'Семенов', 'Семен', 'Семенович', 'SUBSCRIBER', b'1'),
(31, 'valeria_93', '123', 'Семенова', 'Валерия', 'Витальевна', 'SUBSCRIBER', b'1');

INSERT INTO `administrators` (`id`, `personalID`, `position`) VALUES
(14, 74894254, 'дворник');

INSERT INTO `prefixes` (`prefix`, `city`) VALUES
(17, 'Минск'),
(212, 'Витебск');

INSERT INTO `subscribers` (`id`, `passportID`, `dob`, `address`, `prefixID`, `phoneNum`, `administratorID`) VALUES
(15, '3300187EA013PB8', '2000-12-28', 'ул. Титова д. 46, корп. 1, кв. 10', 212, 240312, 14),
(16, '3300187EA023PB8', '1999-01-18', 'sdk', 212, 240311, 14),
(20, '3300187EA033PB8', '1970-01-01', 'ул. Ленинградская 88, оф. 6', 212, 240317, 14),
(22, '3071175BA042JF8', '1970-01-01', 'ул. Ленинградская 88, оф. 6', 212, 240318, 14),
(23, '3300187EA053PB8', '1970-01-01', '210033, ул. Гагарина 10, кв. 7', 212, 240000, 14),
(24, '3300187EA063PB8', '1970-01-01', '210033, ул. Гагарина 10, кв. 7', 212, 240001, 14),
(26, '3300187EA073PB8', '1970-01-01', '210033, ул. Гагарина 10, кв. 7', 212, 240003, 14),
(31, '3041893ED082PB8', '1997-04-18', 'ул. Зеленогурская, д.17, кв.10', 212, 777777, 14);

INSERT INTO `offers` (`id`, `name`, `description`, `monthlyFee`, `subscriptionRate`, `required`) VALUES
(1, 'CLIP', 'Идентификация линии вызывающего абонента позволяет увидеть на дисплее абонентского устройства номер телефона вызывающего абонента.', 0.86, 0, b'0'),
(2, 'Абонентская плата', 'Услуги электросвязи общего пользования.', 3.01, 0, b'1'),
(3, 'Музыкальный марафон', 'Позволяет заменить стандартный тон вызова телефонной линии мелодиями.', 0.5, 0, b'0'),
(4, 'Виртуальный номер', 'Предназначена для физических лиц, которым необходимо дать рекламное или информационное объявление, не указывая реальные номера телефонов.', 3.67, 11.95, b'0'),
(9, 'Элитный номер', 'Абоненту предоставляется возможность выбора номера из перечня свободных номеров телефонной станции.', 5.01, 16.99, b'0');

INSERT INTO `subscriptions` (`id`, `subscriberID`, `offerID`, `connected`, `disconnected`) VALUES
(1, 15, 1, '2018-01-04 07:54:18', NULL),
(2, 15, 3, '2018-01-04 07:56:18', NULL),
(3, 15, 9, '2018-01-04 07:56:46', NULL),
(4, 22, 9, '2018-01-05 13:32:07', NULL),
(5, 15, 4, '2018-01-05 13:54:25', NULL),
(6, 15, 1, '2018-01-05 13:54:27', NULL),
(7, 15, 4, '2018-01-05 16:06:26', NULL),
(8, 15, 9, '2018-01-05 16:06:29', NULL),
(9, 15, 4, '2018-01-05 16:29:20', '2018-01-06 09:09:33'),
(10, 15, 1, '2018-01-05 16:31:46', '2018-01-06 09:08:38');